<?xml version="1.0"?>
<!--
Licensed to the Apache Software Foundation (ASF) under one or more
contributor license agreements.  See the NOTICE file distributed with
this work for additional information regarding copyright ownership.
The ASF licenses this file to You under the Apache License, Version 2.0
(the "License"); you may not use this file except in compliance with
the License.  You may obtain a copy of the License at

     http://www.apache.org/licenses/LICENSE-2.0

Unless required by applicable law or agreed to in writing, software
distributed under the License is distributed on an "AS IS" BASIS,
WITHOUT WARRANTIES OR CONDITIONS OF ANY KIND, either express or implied.
See the License for the specific language governing permissions and
limitations under the License.
-->
<document>
 <properties>
  <title>Home</title>
  <author email="dev@commons.apache.org">Commons Documentation Team</author>
 </properties>
<body>
<!-- ================================================== -->
<section name="Commons Lang">

<p>
The standard Java libraries fail to provide enough methods for
manipulation of its core classes. Apache Commons Lang provides
these extra methods. 
</p>

<p>
Lang provides a host of helper utilities for the java.lang API, notably 
String manipulation methods, basic numerical methods, object reflection, concurrency, creation and serialization 
and System properties. Additionally it contains basic enhancements to java.util.Date and a series of utilities dedicated to help with 
building methods, such as hashCode, toString and equals.
</p>
<p>
Note that Lang 3.0 uses a different package (<i>org.apache.commons.lang3</i>) than its predecessors (<i>org.apache.commons.lang</i>), allowing it to be used at the same time as an earlier version.
</p>
</section>
<!-- ================================================== -->
<section name="Documentation">
<p>
A getting started <a href="userguide.html">user guide</a> is available
together with various <a href="project-reports.html">project reports</a>.
</p>
<p>
The JavaDoc API documents are available online:
</p>
<ul>
<li>The <a href="api-3.0/index.html">current stable release 3.0</a></li>
<li>The <a href="api-2.6/index.html">legacy release 2.6</a></li>
<li>The <a href="api-2.5/index.html">previous version 2.5</a></li>
<li>Older releases - see the <a href="release-history.html">Release History</a> page</li>
</ul>
<p>
The <a href="source-repository.html">subversion repository</a> can be
<a href="http://svn.apache.org/viewvc/commons/proper/lang/trunk/">browsed</a>.
</p>
</section>
<!-- ================================================== -->
<section name="Releases">
<p>
A latest stable and Java 5.0 dependent version is available: 
(<a href="http://commons.apache.org/lang/download_lang.cgi">download 3.0</a>)
(<a href="upgradeto3_0.html">changelog</a>) (<a href="article3_0.html">upgrade notes</a>)
(<a href="lang2-lang3-clirr-report.html">Lang2 to Lang3 Clirr report</a>). </p>

<p>
The legacy JDK 1.3 compatible version is also available:
(<a href="http://commons.apache.org/lang/download_lang.cgi">download 2.6</a>) 
(<a href="upgradeto2_6.html">release notes</a>). </p>

<p>
For information on previous releases, see the <a href="release-history.html">Release History</a> and to download previous releases, see the <a href="http://archive.apache.org/dist/commons/lang/">Apache Archive</a>.
</p>
</section>
<!-- ================================================== -->
<section name="Support">
<p>
The <a href="mail-lists.html">commons mailing lists</a> act as the main support forum.
The user list is suitable for most library usage queries.
The dev list is intended for the development discussion.
Please remember that the lists are shared between all commons components,
so prefix your email by [lang].
</p>
<p>
Issues may be reported via <a href="issue-tracking.html">ASF JIRA</a>.
Please read the instructions carefully to submit a useful bug report or enhancement request.
</p>
</section>
<!-- ================================================== -->
</body>
</document>
